{"cameraMode":{"drawMode":0,"name":"Shaded","section":"Shading Mode"},"sceneLighting":true,"audioPlay":false,"sceneViewState":{"m_AlwaysRefresh":false,"showFog":true,"showSkybox":true,"showFlares":true,"showImageEffects":true,"showParticleSystems":true,"showVisualEffectGraphs":true,"m_FxEnabled":true},"in2DMode":false,"pivot":{"x":28.461891174316408,"y":-5.724979400634766,"z":-20.866870880126954},"rotation":{"x":-0.0824524387717247,"y":-0.8590351343154907,"z":0.14648674428462983,"w":-0.48354628682136538},"size":14.963865280151368,"orthographic":false}